{"cameraMode":{"drawMode":0,"name":"Shaded","section":"Shading Mode"},"sceneLighting":true,"audioPlay":false,"sceneViewState":{"showFog":true,"showMaterialUpdate":false,"showSkybox":true,"showFlares":true,"showImageEffects":true,"showParticleSystems":true},"in2DMode":false,"pivot":{"x":-4.649925231933594,"y":-8.097217559814454,"z":30.549259185791017},"rotation":{"x":-0.15522755682468415,"y":0.6528052687644959,"z":-0.13914138078689576,"w":-0.7282783389091492},"size":215.10440063476563,"orthographic":false}