{"cameraMode":{"drawMode":0,"name":"Shaded","section":"Shading Mode"},"sceneLighting":true,"audioPlay":false,"sceneViewState":{"showFog":true,"showMaterialUpdate":false,"showSkybox":true,"showFlares":true,"showImageEffects":true,"showParticleSystems":true},"in2DMode":false,"pivot":{"x":-3.5999999046325685,"y":4.800000190734863,"z":1.899999976158142},"rotation":{"x":-0.16579997539520265,"y":-0.8167822360992432,"z":0.28663170337677,"w":-0.4724610149860382},"size":18.840595245361329,"orthographic":false}