{"cameraMode":{"drawMode":0,"name":"Shaded","section":"Shading Mode"},"sceneLighting":false,"audioPlay":false,"sceneViewState":{"showFog":true,"showMaterialUpdate":false,"showSkybox":true,"showFlares":true,"showImageEffects":true,"showParticleSystems":true},"in2DMode":false,"pivot":{"x":-7.369999885559082,"y":1.190000057220459,"z":8.960805892944336},"rotation":{"x":0.01707719825208187,"y":-0.9817259907722473,"z":0.10733281821012497,"w":0.156211718916893},"size":2.8578836917877199,"orthographic":false}