{"cameraMode":{"drawMode":0,"name":"Shaded","section":"Shading Mode"},"sceneLighting":false,"audioPlay":false,"sceneViewState":{"showFog":true,"showMaterialUpdate":false,"showSkybox":true,"showFlares":true,"showImageEffects":true,"showParticleSystems":true},"in2DMode":false,"pivot":{"x":-1.0499999523162842,"y":1.4299999475479127,"z":-8.3100004196167},"rotation":{"x":-0.058183252811431888,"y":-0.9107502698898315,"z":0.13764750957489015,"w":-0.3849698603153229},"size":2.8578836917877199,"orthographic":false}