{"cameraMode":{"drawMode":0,"name":"Shaded","section":"Shading Mode"},"sceneLighting":true,"audioPlay":false,"sceneViewState":{"showFog":true,"showMaterialUpdate":false,"showSkybox":true,"showFlares":true,"showImageEffects":true,"showParticleSystems":true},"in2DMode":false,"pivot":{"x":51.03071594238281,"y":-31.393266677856447,"z":-26.30294418334961},"rotation":{"x":-0.11399956792593003,"y":-0.8592283725738525,"z":0.21848315000534059,"w":-0.4483254551887512},"size":84.2680435180664,"orthographic":false}